Date,Open,High,Low,Close,Volume,Dividends,Stock Splits,Repaired?,Final?,FetchDate,Ticker
2026-02-25 03:00:00,39.9399986267,39.9700012207,39.0299987793,39.5699996948,26012300,0.0,0,False,True,1774560919183,PETR4.SA
2026-02-26 03:00:00,39.2999992371,39.7999992371,38.9700012207,39.6100006104,29919100,0.0,0,False,True,1774560919183,PETR4.SA
2026-02-27 03:00:00,39.9199981689,40.2700004578,39.3300018311,39.3300018311,38799000,0.0,0,False,True,1774560919183,PETR4.SA
2026-03-02 03:00:00,41.2999992371,41.5299987793,40.5200004578,41.1300010681,83817000,0.0,0,False,True,1774560919183,PETR4.SA
2026-03-03 03:00:00,41.7000007629,42.0,40.75,40.9500007629,93893800,0.0,0,False,True,1774560919183,PETR4.SA
2026-03-04 03:00:00,40.9500007629,41.1699981689,39.9300003052,40.5,50915600,0.0,0,False,True,1774560919183,PETR4.SA
2026-03-05 03:00:00,40.5299987793,40.7700004578,39.9799995422,40.6899986267,53107600,0.0,0,False,True,1774560919183,PETR4.SA
2026-03-06 03:00:00,41.9000015259,43.1199989319,41.4199981689,42.1599998474,87228000,0.0,0,False,True,1774560919183,PETR4.SA
2026-03-09 03:00:00,43.25,44.2700004578,42.6699981689,43.1599998474,107124400,0.0,0,False,True,1774560919183,PETR4.SA
2026-03-10 03:00:00,42.3100013733,43.0999984741,42.0299987793,42.9300003052,56706200,0.0,0,False,True,1774560919183,PETR4.SA
2026-03-11 03:00:00,43.25,44.8800010681,43.2299995422,44.7999992371,73234300,0.0,0,False,True,1774560919183,PETR4.SA
2026-03-12 03:00:00,45.3899993896,46.0900001526,44.2000007629,45.0,86124400,0.0,0,False,True,1774560919183,PETR4.SA
2026-03-13 03:00:00,44.6100006104,45.3400001526,44.2900009155,44.6699981689,42520400,0.0,0,False,True,1774560919183,PETR4.SA
2026-03-16 03:00:00,44.8800010681,45.9900016785,44.7999992371,45.8600006104,40474100,0.0,0,False,True,1774560919183,PETR4.SA
2026-03-17 03:00:00,45.8499984741,47.2599983215,45.7999992371,46.3800010681,51025600,0.0,0,False,True,1774560919183,PETR4.SA
2026-03-18 03:00:00,46.7000007629,47.1500015259,46.5499992371,47.0,55074700,0.0,0,False,True,1774560919183,PETR4.SA
2026-03-19 03:00:00,47.2000007629,48.1300010681,46.6899986267,46.7799987793,84865000,0.0,0,False,True,1774560919183,PETR4.SA
2026-03-20 03:00:00,46.7900009155,47.25,44.9199981689,45.6699981689,78125700,0.0,0,False,True,1774560919183,PETR4.SA
2026-03-23 03:00:00,44.4199981689,46.1800003052,44.3199996948,46.0299987793,65252400,0.0,0,False,True,1774560919183,PETR4.SA
2026-03-24 03:00:00,46.4000015259,47.9500007629,46.3699989319,47.2700004578,57455300,0.0,0,False,True,1774560919183,PETR4.SA
2026-03-25 03:00:00,46.5,47.5499992371,46.2999992371,47.5,40532900,0.0,0,False,False,1774560919183,PETR4.SA
2026-03-26 03:00:00,47.5999984741,48.4700012207,47.5200004578,48.0200004578,59825200,0.0,0,False,False,1774560894269,PETR4.SA
2026-02-25 03:00:00,89.0299987793,90.3300018311,88.5100021362,89.9700012207,28707500,0.0,0,False,True,1774560922184,VALE3.SA
2026-02-26 03:00:00,88.9400024414,89.3799972534,87.0400009155,89.2099990845,24503100,0.0,0,False,True,1774560922184,VALE3.SA
2026-02-27 03:00:00,89.1399993896,89.5,88.2600021362,88.4700012207,17328300,0.0,0,False,True,1774560922184,VALE3.SA
2026-03-02 03:00:00,87.9199981689,89.1600036621,87.2900009155,88.1600036621,13952600,0.0,0,False,True,1774560922184,VALE3.SA
2026-03-03 03:00:00,85.25,85.3099975586,82.5500030518,84.4800033569,36088800,0.0,0,False,True,1774560922184,VALE3.SA
2026-03-04 03:00:00,85.3899993896,85.6299972534,83.5800018311,84.0899963379,17605800,0.0,0,False,True,1774560922184,VALE3.SA
2026-03-05 03:00:00,84.1299972534,84.3000030518,80.5500030518,81.2900009155,37872100,0.0,0,False,True,1774560922184,VALE3.SA
2026-03-06 03:00:00,80.9000015259,81.1999969482,78.4000015259,78.8600006104,29504600,0.0,0,False,True,1774560922184,VALE3.SA
2026-03-09 03:00:00,77.7200012207,80.0999984741,76.5500030518,79.2600021362,30576600,0.0,0,False,True,1774560922184,VALE3.SA
2026-03-10 03:00:00,80.1600036621,80.9899978638,79.6699981689,80.5599975586,17172800,0.0,0,False,True,1774560922184,VALE3.SA
2026-03-11 03:00:00,79.7900009155,80.9400024414,78.8000030518,79.8499984741,20865000,0.0,0,False,True,1774560922184,VALE3.SA
2026-03-12 03:00:00,79.7699966431,79.7699966431,77.6600036621,79.2399978638,29136500,0.0,0,False,True,1774560922184,VALE3.SA
2026-03-13 03:00:00,79.3000030518,80.4899978638,78.0199966431,78.3000030518,14416400,0.0,0,False,True,1774560922184,VALE3.SA
2026-03-16 03:00:00,79.3899993896,80.1999969482,78.8099975586,78.8399963379,13591400,0.0,0,False,True,1774560922184,VALE3.SA
2026-03-17 03:00:00,79.0999984741,79.7099990845,78.6299972534,78.9599990845,14222300,0.0,0,False,True,1774560922184,VALE3.SA
2026-03-18 03:00:00,78.6500015259,78.6699981689,77.0500030518,77.1299972534,19412200,0.0,0,False,True,1774560922184,VALE3.SA
2026-03-19 03:00:00,74.1699981689,76.7099990845,74.0599975586,76.6299972534,27262900,0.0,0,False,True,1774560922184,VALE3.SA
2026-03-20 03:00:00,76.2099990845,76.6999969482,74.7099990845,75.5500030518,44208900,0.0,0,False,True,1774560922184,VALE3.SA
2026-03-23 03:00:00,76.5599975586,78.4199981689,75.9700012207,77.4899978638,23384500,0.0,0,False,True,1774560922184,VALE3.SA
2026-03-24 03:00:00,76.9800033569,78.4100036621,76.5599975586,78.0999984741,15700300,0.0,0,False,True,1774560922184,VALE3.SA
2026-03-25 03:00:00,79.1999969482,80.25,79.0,79.5500030518,18658300,0.0,0,False,False,1774560922184,VALE3.SA
2026-03-26 03:00:00,78.1299972534,79.5899963379,78.0100021362,78.9100036621,13465400,0.0,0,False,False,1774560922184,VALE3.SA
2026-02-25 03:00:00,47.925293329,48.0839205445,46.6661881516,47.3800125122,28980200,0.0,0,False,True,1774560925198,ITUB4.SA
2026-02-26 03:00:00,47.3800129831,47.736925167,46.7554166614,47.2610397339,26516600,0.0,0,False,True,1774560925198,ITUB4.SA
2026-02-27 03:00:00,47.1916384776,47.2114673516,45.8829630494,46.3786735535,44765800,0.0,0,False,True,1774560925198,ITUB4.SA
2026-03-02 03:00:00,45.454495621,45.9503988918,45.2065439856,45.5437545776,47144000,0.018182,0,False,True,1774560925198,ITUB4.SA
2026-03-03 03:00:00,43.8576837951,44.5023557376,43.0840721672,44.0163726807,54352300,0.0,0,False,True,1774560925198,ITUB4.SA
2026-03-04 03:00:00,44.8693274718,45.1172790954,44.1552255851,44.6412086487,27146100,0.0,0,False,True,1774560925198,ITUB4.SA
2026-03-05 03:00:00,44.4329309097,44.6312929685,42.9749779122,43.1534996033,37085400,0.0,0,False,True,1774560925198,ITUB4.SA
2026-03-06 03:00:00,43.1039109507,43.2328468592,42.3005500816,42.5782546997,26063600,0.0,0,False,True,1774560925198,ITUB4.SA
2026-03-09 03:00:00,42.1716142062,42.925385506,42.0030051283,42.8063697815,40970400,0.0,0,False,True,1774560925198,ITUB4.SA
2026-03-10 03:00:00,43.222929105,43.837848076,42.469154046,43.4411239624,50383100,0.0,0,False,True,1774560925198,ITUB4.SA
2026-03-11 03:00:00,42.9154688908,44.0758807118,42.8460427366,43.5303878784,18482600,0.0,0,False,True,1774560925198,ITUB4.SA
2026-03-12 03:00:00,42.7369416987,42.8658776015,41.9534136655,42.3402175903,27095200,0.0,0,False,True,1774560925198,ITUB4.SA
2026-03-13 03:00:00,42.4790741429,42.9948101926,41.9831708937,42.0525970459,24896600,0.0,0,False,True,1774560925198,ITUB4.SA
2026-03-16 03:00:00,42.8956299937,43.1138286287,42.4989058908,42.6476783752,17777300,0.0,0,False,True,1774560925198,ITUB4.SA
2026-03-17 03:00:00,42.5484996694,43.0245663277,41.9236605253,42.3600540161,22436600,0.0,0,False,True,1774560925198,ITUB4.SA
2026-03-18 03:00:00,42.1517771365,42.6873535658,41.9236620907,41.9335784912,23872800,0.0,0,False,True,1774560925198,ITUB4.SA
2026-03-19 03:00:00,41.3583303153,42.2509538631,41.0310323661,42.2311210632,32908000,0.0,0,False,True,1774560925198,ITUB4.SA
2026-03-20 03:00:00,42.1100006104,42.2700004578,41.2000007629,41.5499992371,37660900,0.34888,0,False,True,1774560925198,ITUB4.SA
2026-03-23 03:00:00,42.5400009155,43.1399993896,42.0600013733,42.7799987793,27535500,0.0,0,False,True,1774560925198,ITUB4.SA
2026-03-24 03:00:00,42.5,42.8100013733,41.9599990845,42.5400009155,18609000,0.0,0,False,True,1774560925198,ITUB4.SA
2026-03-25 03:00:00,43.1500015259,43.5,42.8499984741,43.0999984741,35148900,0.0,0,False,False,1774560925198,ITUB4.SA
2026-03-26 03:00:00,42.6899986267,42.8400001526,41.9399986267,41.9399986267,18151300,0.0,0,False,False,1774560925198,ITUB4.SA
2026-02-25 03:00:00,21.5607125838,21.5707038749,21.0511681727,21.1510791779,34124600,0.0,0,False,True,1774560927945,BBDC4.SA
2026-02-26 03:00:00,21.1710616986,21.3608905116,20.681499871,20.9612483978,40191400,0.0,0,False,True,1774560927945,BBDC4.SA
2026-02-27 03:00:00,21.4807834396,21.8804255411,21.1011239196,21.1310958862,69034600,0.0,0,False,True,1774560927945,BBDC4.SA
2026-03-02 03:00:00,20.9312767075,21.3409101177,20.4816781326,21.211025238,32108900,0.0,0,False,True,1774560927945,BBDC4.SA
2026-03-03 03:00:00,20.4099998474,20.5,19.9200000763,20.2000007629,57300000,0.018975,0,False,True,1774560927945,BBDC4.SA
2026-03-04 03:00:00,20.5499992371,20.6900005341,20.1499996185,20.4899997711,64157000,0.0,0,False,True,1774560927945,BBDC4.SA
2026-03-05 03:00:00,20.3700008392,20.3899993896,19.7999992371,19.8299999237,46790000,0.0,0,False,True,1774560927945,BBDC4.SA
2026-03-06 03:00:00,19.7099990845,19.8299999237,19.3400001526,19.5499992371,37187000,0.0,0,False,True,1774560927945,BBDC4.SA
2026-03-09 03:00:00,19.3199996948,19.7399997711,19.1100006104,19.5499992371,38655600,0.0,0,False,True,1774560927945,BBDC4.SA
2026-03-10 03:00:00,19.7999992371,20.25,19.6800003052,20.0300006866,32907500,0.0,0,False,True,1774560927945,BBDC4.SA
2026-03-11 03:00:00,19.8099994659,20.2700004578,19.7399997711,19.9400005341,23976900,0.0,0,False,True,1774560927945,BBDC4.SA
2026-03-12 03:00:00,19.5599994659,19.5900001526,19.1599998474,19.3899993896,45693900,0.0,0,False,True,1774560927945,BBDC4.SA
2026-03-13 03:00:00,19.4799995422,19.6499996185,18.8700008392,18.9899997711,33706400,0.0,0,False,True,1774560927945,BBDC4.SA
2026-03-16 03:00:00,19.3400001526,19.4799995422,19.0,19.0,34664900,0.0,0,False,True,1774560927945,BBDC4.SA
2026-03-17 03:00:00,18.9099998474,19.2000007629,18.6800003052,18.8500003815,24004200,0.0,0,False,True,1774560927945,BBDC4.SA
2026-03-18 03:00:00,18.7199993134,18.9300003052,18.6000003815,18.6299991608,26382300,0.0,0,False,True,1774560927945,BBDC4.SA
2026-03-19 03:00:00,18.2600002289,18.7399997711,18.0699996948,18.6399993896,33436700,0.0,0,False,True,1774560927945,BBDC4.SA
2026-03-20 03:00:00,18.6399993896,18.7099990845,18.1200008392,18.3299999237,53625700,0.0,0,False,True,1774560927945,BBDC4.SA
2026-03-23 03:00:00,18.75,19.2800006866,18.75,19.0,30955400,0.0,0,False,True,1774560927945,BBDC4.SA
2026-03-24 03:00:00,18.8400001526,18.9400005341,18.6200008392,18.9400005341,23064400,0.0,0,False,True,1774560927945,BBDC4.SA
2026-03-25 03:00:00,19.2999992371,19.4599990845,19.1499996185,19.2800006866,29470000,0.0,0,False,False,1774560927945,BBDC4.SA
2026-03-26 03:00:00,19.0400009155,19.2000007629,18.7999992371,18.8199996948,50756200,0.0,0,False,False,1774560927945,BBDC4.SA
2026-02-25 03:00:00,51.018617996,51.3079833587,49.8511647785,50.1704673767,10719400,0.0,0,False,True,1774560930678,WEGE3.SA
2026-02-26 03:00:00,49.7912980955,49.8811021895,48.0051965634,49.2724304199,9902400,0.0,0,False,True,1774560930678,WEGE3.SA
2026-02-27 03:00:00,49.2125587686,49.6915126581,48.6038870113,49.5917320251,7316400,0.0,0,False,True,1774560930678,WEGE3.SA
2026-03-02 03:00:00,49.1926027372,49.1926027372,48.3244990353,48.5839309692,5402000,0.0,0,False,True,1774560930678,WEGE3.SA
2026-03-03 03:00:00,47.117137108,48.0750449292,45.9496838582,47.2967453003,13648400,0.0,0,False,True,1774560930678,WEGE3.SA
2026-03-04 03:00:00,47.8954357155,48.1149576806,46.7180059497,47.2368736267,6449100,0.0,0,False,True,1774560930678,WEGE3.SA
2026-03-05 03:00:00,46.9973956631,47.3665923944,46.3787473392,46.6082458496,7897500,0.0,0,False,True,1774560930678,WEGE3.SA
2026-03-06 03:00:00,46.4984833585,47.2468495315,46.0794001287,46.5184402466,5517900,0.0,0,False,True,1774560930678,WEGE3.SA
2026-03-09 03:00:00,46.4386171072,47.1370929724,45.7700746713,46.4785308838,5742300,0.0,0,False,True,1774560930678,WEGE3.SA
2026-03-10 03:00:00,46.917572319,47.8455467161,46.0993589075,47.0872001648,5655000,0.0,0,False,True,1774560930678,WEGE3.SA
2026-03-11 03:00:00,46.8976153342,47.4763536909,46.4984851705,46.7778778076,3420400,0.0,0,False,True,1774560930678,WEGE3.SA
2026-03-12 03:00:00,46.6282018084,46.6980490143,44.9817984912,45.7201843262,7215300,0.0,0,False,True,1774560930678,WEGE3.SA
2026-03-13 03:00:00,46.3987022022,46.7878519987,45.8099873338,46.1093330383,4406200,0.0,0,False,True,1774560930678,WEGE3.SA
2026-03-16 03:00:00,47.1171347233,47.1171347233,45.4607511056,45.8698577881,5913000,0.0,0,False,True,1774560930678,WEGE3.SA
2026-03-17 03:00:00,45.7401412283,47.1670263875,45.6403605932,46.099357605,5780200,0.0,0,False,True,1774560930678,WEGE3.SA
2026-03-18 03:00:00,46.0494678864,46.6481593177,45.8299459186,46.0594444275,5688200,0.0,0,False,True,1774560930678,WEGE3.SA
2026-03-19 03:00:00,44.9019698953,46.7180048176,44.8520795789,46.4885063171,5299300,0.0,0,False,True,1774560930678,WEGE3.SA
2026-03-20 03:00:00,46.3987031025,46.4286365316,45.3410108658,45.85987854,10234300,0.0,0,False,True,1774560930678,WEGE3.SA
2026-03-23 03:00:00,46.5200004578,47.8100013733,46.2799987793,47.25,5584500,0.100121,0,False,True,1774560930678,WEGE3.SA
2026-03-24 03:00:00,47.25,47.6100006104,46.5200004578,47.4500007629,5779900,0.0,0,False,True,1774560930678,WEGE3.SA
2026-03-25 03:00:00,48.2799987793,48.9700012207,47.6699981689,48.1800003052,8453500,0.0,0,False,False,1774560930678,WEGE3.SA
2026-03-26 03:00:00,47.7900009155,48.3499984741,47.2999992371,47.5200004578,4593900,0.0,0,False,False,1774560930678,WEGE3.SA
2026-02-25 03:00:00,27.2389191362,27.7376177753,27.2089984354,27.5082168579,29552800,0.0,0,False,True,1774560934640,BBAS3.SA
2026-02-26 03:00:00,27.4483747628,27.6578272873,26.9097792957,27.2089996338,24720400,0.0,0,False,True,1774560934640,BBAS3.SA
2026-02-27 03:00:00,27.0194930303,27.1790764462,26.800066309,26.879858017,20417600,0.0,0,False,True,1774560934640,BBAS3.SA
2026-03-02 03:00:00,26.2415224508,26.9097787185,26.0320699308,26.879858017,23891500,0.0,0,False,True,1774560934640,BBAS3.SA
2026-03-03 03:00:00,26.1800003052,26.2900009155,25.3799991608,25.7700004578,62065500,0.070142,0,False,True,1774560934640,BBAS3.SA
2026-03-04 03:00:00,26.0100002289,26.4699993134,25.75,25.9400005341,14597900,0.0,0,False,True,1774560934640,BBAS3.SA
2026-03-05 03:00:00,25.75,25.9300003052,24.9699993134,25.0,24730900,0.0,0,False,True,1774560934640,BBAS3.SA
2026-03-06 03:00:00,24.8999996185,25.1599998474,24.4099998474,24.75,20986400,0.0,0,False,True,1774560934640,BBAS3.SA
2026-03-09 03:00:00,24.5200004578,25.0300006866,24.3099994659,24.7000007629,18981100,0.0,0,False,True,1774560934640,BBAS3.SA
2026-03-10 03:00:00,25.0699996948,25.5100002289,24.6499996185,25.1399993896,21786700,0.0,0,False,True,1774560934640,BBAS3.SA
2026-03-11 03:00:00,24.9300003052,25.6700000763,24.8199996948,25.3400001526,16908800,0.0,0,False,True,1774560934640,BBAS3.SA
2026-03-12 03:00:00,25.1599998474,25.25,24.1700000763,24.2299995422,34978900,0.0,0,False,True,1774560934640,BBAS3.SA
2026-03-13 03:00:00,24.4599990845,24.6800003052,23.6900005341,23.75,38122400,0.0,0,False,True,1774560934640,BBAS3.SA
2026-03-16 03:00:00,24.2600002289,24.3400001526,23.8199996948,23.8999996185,30930000,0.0,0,False,True,1774560934640,BBAS3.SA
2026-03-17 03:00:00,23.8999996185,24.1900005341,23.6499996185,23.6700000763,22315500,0.0,0,False,True,1774560934640,BBAS3.SA
2026-03-18 03:00:00,23.6000003815,23.8400001526,23.4099998474,23.4099998474,15566500,0.0,0,False,True,1774560934640,BBAS3.SA
2026-03-19 03:00:00,23.1299991608,23.7299995422,22.8899993896,23.5100002289,29427500,0.0,0,False,True,1774560934640,BBAS3.SA
2026-03-20 03:00:00,23.4300003052,23.4599990845,23.0100002289,23.2700004578,37796900,0.0,0,False,True,1774560934640,BBAS3.SA
2026-03-23 03:00:00,23.5799999237,24.2900009155,23.5799999237,23.9599990845,23714600,0.0,0,False,True,1774560934640,BBAS3.SA
2026-03-24 03:00:00,23.8299999237,23.9599990845,23.3999996185,23.6499996185,14982000,0.0,0,False,True,1774560934640,BBAS3.SA
2026-03-25 03:00:00,23.8099994659,24.3199996948,23.7299995422,23.8600006104,20200600,0.0,0,False,False,1774560934640,BBAS3.SA
2026-03-26 03:00:00,23.5799999237,23.7999992371,22.9200000763,23.0599994659,28161800,0.0,0,False,False,1774560934640,BBAS3.SA
2026-02-25 03:00:00,16.6100006104,16.6399993896,16.2600002289,16.3799991608,29966400,0.0,0,False,True,1774560938063,ABEV3.SA
2026-02-26 03:00:00,16.4200000763,16.6000003815,16.3600006104,16.4099998474,18040900,0.0,0,False,True,1774560938063,ABEV3.SA
2026-02-27 03:00:00,16.3199996948,16.5200004578,16.25,16.2700004578,34463800,0.0,0,False,True,1774560938063,ABEV3.SA
2026-03-02 03:00:00,15.970000267,16.2000007629,15.8699998856,15.9099998474,18638600,0.0,0,False,True,1774560938063,ABEV3.SA
2026-03-03 03:00:00,15.3500003815,15.5799999237,15.1499996185,15.5699996948,40085300,0.0,0,False,True,1774560938063,ABEV3.SA
2026-03-04 03:00:00,15.6999998093,15.8400001526,15.3999996185,15.6000003815,26249500,0.0,0,False,True,1774560938063,ABEV3.SA
2026-03-05 03:00:00,15.4899997711,15.5600004196,15.2600002289,15.2899999619,26954000,0.0,0,False,True,1774560938063,ABEV3.SA
2026-03-06 03:00:00,15.3000001907,15.3400001526,14.9600000381,15.2299995422,17914800,0.0,0,False,True,1774560938063,ABEV3.SA
2026-03-09 03:00:00,15.1999998093,15.5600004196,15.1300001144,15.4099998474,21901300,0.0,0,False,True,1774560938063,ABEV3.SA
2026-03-10 03:00:00,15.4300003052,15.720000267,15.3900003433,15.4499998093,20894000,0.0,0,False,True,1774560938063,ABEV3.SA
2026-03-11 03:00:00,15.3100004196,15.5500001907,15.1999998093,15.4300003052,19594000,0.0,0,False,True,1774560938063,ABEV3.SA
2026-03-12 03:00:00,15.220000267,15.25,14.8699998856,14.9499998093,37546800,0.0,0,False,True,1774560938063,ABEV3.SA
2026-03-13 03:00:00,14.8699998856,15.2299995422,14.8699998856,15.0,25418200,0.0,0,False,True,1774560938063,ABEV3.SA
2026-03-16 03:00:00,15.1999998093,15.3199996948,15.1000003815,15.1000003815,28906400,0.0,0,False,True,1774560938063,ABEV3.SA
2026-03-17 03:00:00,15.1499996185,15.1899995804,14.9499998093,15.0200004578,27499600,0.0,0,False,True,1774560938063,ABEV3.SA
2026-03-18 03:00:00,14.9499998093,15.0600004196,14.7399997711,14.7399997711,20403700,0.0,0,False,True,1774560938063,ABEV3.SA
2026-03-19 03:00:00,14.5200004578,14.7700004578,14.4399995804,14.7700004578,30848100,0.0,0,False,True,1774560938063,ABEV3.SA
2026-03-20 03:00:00,14.6899995804,14.75,14.3299999237,14.470000267,65705300,0.0,0,False,True,1774560938063,ABEV3.SA
2026-03-23 03:00:00,14.6800003052,14.8299999237,14.529999733,14.6599998474,23231600,0.0,0,False,True,1774560938063,ABEV3.SA
2026-03-24 03:00:00,14.6599998474,14.760000228900001,14.5,14.6999998093,13573700,0.0,0,False,True,1774560938063,ABEV3.SA
2026-03-25 03:00:00,14.8900003433,15.1199998856,14.7899999619,15.0100002289,25296600,0.0,0,False,False,1774560938063,ABEV3.SA
2026-03-26 03:00:00,14.8800001144,15.0500001907,14.8100004196,14.8299999237,13287000,0.0,0,False,False,1774560938063,ABEV3.SA
